snap_transform_1,snap_transform_2,next_event_type_1,last_event_type_1,days_since_event,days_until_event
int8,int8,category,category,int16,int16
1,44,Religious,,1,3
1,44,Religious,,1,3
1,44,Religious,,1,3
1,44,Religious,,1,3
0,2,Religious,,1,3
0,2,Religious,,1,3
0,2,Religious,,1,3
0,1,Religious,,1,3
0,1,Religious,,1,3
0,1,Religious,,1,3
1,44,Religious,,1,3
1,44,Religious,,1,3
1,44,Religious,,1,3
1,44,Religious,,1,3
0,2,Religious,,1,3
0,2,Religious,,1,3
0,2,Religious,,1,3
0,1,Religious,,1,3
0,1,Religious,,1,3
0,1,Religious,,1,3
1,44,Religious,,1,3
1,44,Religious,,1,3
1,44,Religious,,1,3
1,44,Religious,,1,3
0,2,Religious,,1,3
0,2,Religious,,1,3
0,2,Religious,,1,3
0,1,Religious,,1,3
0,1,Religious,,1,3
0,1,Religious,,1,3
1,44,Religious,,1,3
1,44,Religious,,1,3
1,44,Religious,,1,3
1,44,Religious,,1,3
0,2,Religious,,1,3
0,2,Religious,,1,3
0,2,Religious,,1,3
0,1,Religious,,1,3
0,1,Religious,,1,3
0,1,Religious,,1,3
1,44,Religious,,1,3
1,44,Religious,,1,3
1,44,Religious,,1,3
1,44,Religious,,1,3
0,2,Religious,,1,3
0,2,Religious,,1,3
0,2,Religious,,1,3
0,1,Religious,,1,3
0,1,Religious,,1,3
0,1,Religious,,1,3
1,44,Religious,,1,3
1,44,Religious,,1,3
1,44,Religious,,1,3
1,44,Religious,,1,3
0,2,Religious,,1,3
0,2,Religious,,1,3
0,2,Religious,,1,3
0,1,Religious,,1,3
0,1,Religious,,1,3
0,1,Religious,,1,3
1,44,Religious,,1,3
1,44,Religious,,1,3
1,44,Religious,,1,3
1,44,Religious,,1,3
0,2,Religious,,1,3
0,2,Religious,,1,3
0,2,Religious,,1,3
0,1,Religious,,1,3
0,1,Religious,,1,3
0,1,Religious,,1,3
2,45,Religious,,2,2
2,45,Religious,,2,2
2,45,Religious,,2,2
2,45,Religious,,2,2
1,44,Religious,,2,2
1,44,Religious,,2,2
1,44,Religious,,2,2
1,44,Religious,,2,2
1,44,Religious,,2,2
1,44,Religious,,2,2
2,45,Religious,,2,2
2,45,Religious,,2,2
2,45,Religious,,2,2
2,45,Religious,,2,2
1,44,Religious,,2,2
1,44,Religious,,2,2
1,44,Religious,,2,2
1,44,Religious,,2,2
1,44,Religious,,2,2
1,44,Religious,,2,2
2,45,Religious,,2,2
2,45,Religious,,2,2
2,45,Religious,,2,2
2,45,Religious,,2,2
1,44,Religious,,2,2
1,44,Religious,,2,2
1,44,Religious,,2,2
1,44,Religious,,2,2
1,44,Religious,,2,2
1,44,Religious,,2,2
2,45,Religious,,2,2
2,45,Religious,,2,2
2,45,Religious,,2,2
2,45,Religious,,2,2
1,44,Religious,,2,2
1,44,Religious,,2,2
1,44,Religious,,2,2
1,44,Religious,,2,2
1,44,Religious,,2,2
1,44,Religious,,2,2
2,45,Religious,,2,2
2,45,Religious,,2,2
2,45,Religious,,2,2
2,45,Religious,,2,2
1,44,Religious,,2,2
1,44,Religious,,2,2
1,44,Religious,,2,2
1,44,Religious,,2,2
1,44,Religious,,2,2
1,44,Religious,,2,2
2,45,Religious,,2,2
2,45,Religious,,2,2
2,45,Religious,,2,2
2,45,Religious,,2,2
1,44,Religious,,2,2
1,44,Religious,,2,2
1,44,Religious,,2,2
1,44,Religious,,2,2
1,44,Religious,,2,2
1,44,Religious,,2,2
2,45,Religious,,2,2
2,45,Religious,,2,2
2,45,Religious,,2,2
2,45,Religious,,2,2
1,44,Religious,,2,2
1,44,Religious,,2,2
1,44,Religious,,2,2
1,44,Religious,,2,2
1,44,Religious,,2,2
1,44,Religious,,2,2
3,46,Religious,,3,1
3,46,Religious,,3,1
3,46,Religious,,3,1
3,46,Religious,,3,1
2,45,Religious,,3,1
2,45,Religious,,3,1
2,45,Religious,,3,1
2,45,Religious,,3,1
2,45,Religious,,3,1
2,45,Religious,,3,1
3,46,Religious,,3,1
3,46,Religious,,3,1
3,46,Religious,,3,1
3,46,Religious,,3,1
2,45,Religious,,3,1
2,45,Religious,,3,1
2,45,Religious,,3,1
2,45,Religious,,3,1
2,45,Religious,,3,1
2,45,Religious,,3,1
3,46,Religious,,3,1
3,46,Religious,,3,1
3,46,Religious,,3,1
3,46,Religious,,3,1
2,45,Religious,,3,1
2,45,Religious,,3,1
2,45,Religious,,3,1
2,45,Religious,,3,1
2,45,Religious,,3,1
2,45,Religious,,3,1
3,46,Religious,,3,1
3,46,Religious,,3,1
3,46,Religious,,3,1
3,46,Religious,,3,1
2,45,Religious,,3,1
2,45,Religious,,3,1
2,45,Religious,,3,1
2,45,Religious,,3,1
2,45,Religious,,3,1
2,45,Religious,,3,1
3,46,Religious,,3,1
3,46,Religious,,3,1
3,46,Religious,,3,1
3,46,Religious,,3,1
2,45,Religious,,3,1
2,45,Religious,,3,1
2,45,Religious,,3,1
2,45,Religious,,3,1
2,45,Religious,,3,1
2,45,Religious,,3,1
3,46,Religious,,3,1
3,46,Religious,,3,1
3,46,Religious,,3,1
3,46,Religious,,3,1
2,45,Religious,,3,1
2,45,Religious,,3,1
2,45,Religious,,3,1
2,45,Religious,,3,1
2,45,Religious,,3,1
2,45,Religious,,3,1
3,46,Religious,,3,1
3,46,Religious,,3,1
3,46,Religious,,3,1
3,46,Religious,,3,1
2,45,Religious,,3,1
2,45,Religious,,3,1
2,45,Religious,,3,1
2,45,Religious,,3,1
2,45,Religious,,3,1
2,45,Religious,,3,1
4,47,Religious,Religious,0,0
4,47,Religious,Religious,0,0
4,47,Religious,Religious,0,0
4,47,Religious,Religious,0,0
3,46,Religious,Religious,0,0
3,46,Religious,Religious,0,0
3,46,Religious,Religious,0,0
0,2,Religious,Religious,0,0
0,2,Religious,Religious,0,0
0,2,Religious,Religious,0,0
4,47,Religious,Religious,0,0
4,47,Religious,Religious,0,0
4,47,Religious,Religious,0,0
4,47,Religious,Religious,0,0
3,46,Religious,Religious,0,0
3,46,Religious,Religious,0,0
3,46,Religious,Religious,0,0
0,2,Religious,Religious,0,0
0,2,Religious,Religious,0,0
0,2,Religious,Religious,0,0
4,47,Religious,Religious,0,0
4,47,Religious,Religious,0,0
4,47,Religious,Religious,0,0
4,47,Religious,Religious,0,0
3,46,Religious,Religious,0,0
3,46,Religious,Religious,0,0
3,46,Religious,Religious,0,0
0,2,Religious,Religious,0,0
0,2,Religious,Religious,0,0
0,2,Religious,Religious,0,0
4,47,Religious,Religious,0,0
4,47,Religious,Religious,0,0
4,47,Religious,Religious,0,0
4,47,Religious,Religious,0,0
3,46,Religious,Religious,0,0
3,46,Religious,Religious,0,0
3,46,Religious,Religious,0,0
0,2,Religious,Religious,0,0
0,2,Religious,Religious,0,0
0,2,Religious,Religious,0,0
4,47,Religious,Religious,0,0
4,47,Religious,Religious,0,0
4,47,Religious,Religious,0,0
4,47,Religious,Religious,0,0
3,46,Religious,Religious,0,0
3,46,Religious,Religious,0,0
3,46,Religious,Religious,0,0
0,2,Religious,Religious,0,0
0,2,Religious,Religious,0,0
0,2,Religious,Religious,0,0
4,47,Religious,Religious,0,0
4,47,Religious,Religious,0,0
4,47,Religious,Religious,0,0
4,47,Religious,Religious,0,0
3,46,Religious,Religious,0,0
3,46,Religious,Religious,0,0
3,46,Religious,Religious,0,0
0,2,Religious,Religious,0,0
0,2,Religious,Religious,0,0
0,2,Religious,Religious,0,0
4,47,Religious,Religious,0,0
4,47,Religious,Religious,0,0
4,47,Religious,Religious,0,0
4,47,Religious,Religious,0,0
3,46,Religious,Religious,0,0
3,46,Religious,Religious,0,0
3,46,Religious,Religious,0,0
0,2,Religious,Religious,0,0
0,2,Religious,Religious,0,0
0,2,Religious,Religious,0,0
5,48,National,Religious,1,10
5,48,National,Religious,1,10
5,48,National,Religious,1,10
5,48,National,Religious,1,10
0,3,National,Religious,1,10
0,3,National,Religious,1,10
0,3,National,Religious,1,10
3,46,National,Religious,1,10
3,46,National,Religious,1,10
3,46,National,Religious,1,10
5,48,National,Religious,1,10
5,48,National,Religious,1,10
5,48,National,Religious,1,10
5,48,National,Religious,1,10
0,3,National,Religious,1,10
0,3,National,Religious,1,10
0,3,National,Religious,1,10
3,46,National,Religious,1,10
3,46,National,Religious,1,10
3,46,National,Religious,1,10
5,48,National,Religious,1,10
5,48,National,Religious,1,10
5,48,National,Religious,1,10
5,48,National,Religious,1,10
0,3,National,Religious,1,10
0,3,National,Religious,1,10
0,3,National,Religious,1,10
3,46,National,Religious,1,10
3,46,National,Religious,1,10
3,46,National,Religious,1,10
5,48,National,Religious,1,10
5,48,National,Religious,1,10
5,48,National,Religious,1,10
5,48,National,Religious,1,10
0,3,National,Religious,1,10
0,3,National,Religious,1,10
0,3,National,Religious,1,10
3,46,National,Religious,1,10
3,46,National,Religious,1,10
3,46,National,Religious,1,10
5,48,National,Religious,1,10
5,48,National,Religious,1,10
5,48,National,Religious,1,10
5,48,National,Religious,1,10
0,3,National,Religious,1,10
0,3,National,Religious,1,10
0,3,National,Religious,1,10
3,46,National,Religious,1,10
3,46,National,Religious,1,10
3,46,National,Religious,1,10
5,48,National,Religious,1,10
5,48,National,Religious,1,10
5,48,National,Religious,1,10
5,48,National,Religious,1,10
0,3,National,Religious,1,10
0,3,National,Religious,1,10
0,3,National,Religious,1,10
3,46,National,Religious,1,10
3,46,National,Religious,1,10
3,46,National,Religious,1,10
5,48,National,Religious,1,10
5,48,National,Religious,1,10
5,48,National,Religious,1,10
5,48,National,Religious,1,10
0,3,National,Religious,1,10
0,3,National,Religious,1,10
0,3,National,Religious,1,10
3,46,National,Religious,1,10
3,46,National,Religious,1,10
3,46,National,Religious,1,10
6,49,National,Religious,2,9
6,49,National,Religious,2,9
6,49,National,Religious,2,9
6,49,National,Religious,2,9
4,47,National,Religious,2,9
4,47,National,Religious,2,9
4,47,National,Religious,2,9
4,47,National,Religious,2,9
4,47,National,Religious,2,9
4,47,National,Religious,2,9
6,49,National,Religious,2,9
6,49,National,Religious,2,9
6,49,National,Religious,2,9
6,49,National,Religious,2,9
4,47,National,Religious,2,9
4,47,National,Religious,2,9
4,47,National,Religious,2,9
4,47,National,Religious,2,9
4,47,National,Religious,2,9
4,47,National,Religious,2,9
6,49,National,Religious,2,9
6,49,National,Religious,2,9
6,49,National,Religious,2,9
6,49,National,Religious,2,9
4,47,National,Religious,2,9
4,47,National,Religious,2,9
4,47,National,Religious,2,9
4,47,National,Religious,2,9
4,47,National,Religious,2,9
4,47,National,Religious,2,9
6,49,National,Religious,2,9
6,49,National,Religious,2,9
6,49,National,Religious,2,9
6,49,National,Religious,2,9
4,47,National,Religious,2,9
4,47,National,Religious,2,9
4,47,National,Religious,2,9
4,47,National,Religious,2,9
4,47,National,Religious,2,9
4,47,National,Religious,2,9
6,49,National,Religious,2,9
6,49,National,Religious,2,9
6,49,National,Religious,2,9
6,49,National,Religious,2,9
4,47,National,Religious,2,9
4,47,National,Religious,2,9
4,47,National,Religious,2,9
4,47,National,Religious,2,9
4,47,National,Religious,2,9
4,47,National,Religious,2,9
6,49,National,Religious,2,9
6,49,National,Religious,2,9
6,49,National,Religious,2,9
6,49,National,Religious,2,9
4,47,National,Religious,2,9
4,47,National,Religious,2,9
4,47,National,Religious,2,9
4,47,National,Religious,2,9
4,47,National,Religious,2,9
4,47,National,Religious,2,9
6,49,National,Religious,2,9
6,49,National,Religious,2,9
6,49,National,Religious,2,9
6,49,National,Religious,2,9
4,47,National,Religious,2,9
4,47,National,Religious,2,9
4,47,National,Religious,2,9
4,47,National,Religious,2,9
4,47,National,Religious,2,9
4,47,National,Religious,2,9
7,50,National,Religious,3,8
7,50,National,Religious,3,8
7,50,National,Religious,3,8
7,50,National,Religious,3,8
0,4,National,Religious,3,8
0,4,National,Religious,3,8
0,4,National,Religious,3,8
0,3,National,Religious,3,8
0,3,National,Religious,3,8
0,3,National,Religious,3,8
7,50,National,Religious,3,8
7,50,National,Religious,3,8
7,50,National,Religious,3,8
7,50,National,Religious,3,8
0,4,National,Religious,3,8
0,4,National,Religious,3,8
0,4,National,Religious,3,8
0,3,National,Religious,3,8
0,3,National,Religious,3,8
0,3,National,Religious,3,8
7,50,National,Religious,3,8
7,50,National,Religious,3,8
7,50,National,Religious,3,8
7,50,National,Religious,3,8
0,4,National,Religious,3,8
0,4,National,Religious,3,8
0,4,National,Religious,3,8
0,3,National,Religious,3,8
0,3,National,Religious,3,8
0,3,National,Religious,3,8
7,50,National,Religious,3,8
7,50,National,Religious,3,8
7,50,National,Religious,3,8
7,50,National,Religious,3,8
0,4,National,Religious,3,8
0,4,National,Religious,3,8
0,4,National,Religious,3,8
0,3,National,Religious,3,8
0,3,National,Religious,3,8
0,3,National,Religious,3,8
7,50,National,Religious,3,8
7,50,National,Religious,3,8
7,50,National,Religious,3,8
7,50,National,Religious,3,8
0,4,National,Religious,3,8
0,4,National,Religious,3,8
0,4,National,Religious,3,8
0,3,National,Religious,3,8
0,3,National,Religious,3,8
0,3,National,Religious,3,8
7,50,National,Religious,3,8
7,50,National,Religious,3,8
7,50,National,Religious,3,8
7,50,National,Religious,3,8
0,4,National,Religious,3,8
0,4,National,Religious,3,8
0,4,National,Religious,3,8
0,3,National,Religious,3,8
0,3,National,Religious,3,8
0,3,National,Religious,3,8
7,50,National,Religious,3,8
7,50,National,Religious,3,8
7,50,National,Religious,3,8
7,50,National,Religious,3,8
0,4,National,Religious,3,8
0,4,National,Religious,3,8
0,4,National,Religious,3,8
0,3,National,Religious,3,8
0,3,National,Religious,3,8
0,3,National,Religious,3,8
0,16,National,Religious,4,7
0,16,National,Religious,4,7
0,16,National,Religious,4,7
0,16,National,Religious,4,7
5,48,National,Religious,4,7
5,48,National,Religious,4,7
5,48,National,Religious,4,7
5,48,National,Religious,4,7
5,48,National,Religious,4,7
5,48,National,Religious,4,7
0,16,National,Religious,4,7
0,16,National,Religious,4,7
0,16,National,Religious,4,7
0,16,National,Religious,4,7
5,48,National,Religious,4,7
5,48,National,Religious,4,7
5,48,National,Religious,4,7
5,48,National,Religious,4,7
5,48,National,Religious,4,7
5,48,National,Religious,4,7
0,16,National,Religious,4,7
0,16,National,Religious,4,7
0,16,National,Religious,4,7
0,16,National,Religious,4,7
5,48,National,Religious,4,7
5,48,National,Religious,4,7
5,48,National,Religious,4,7
5,48,National,Religious,4,7
5,48,National,Religious,4,7
5,48,National,Religious,4,7
0,16,National,Religious,4,7
0,16,National,Religious,4,7
0,16,National,Religious,4,7
0,16,National,Religious,4,7
5,48,National,Religious,4,7
5,48,National,Religious,4,7
5,48,National,Religious,4,7
5,48,National,Religious,4,7
5,48,National,Religious,4,7
5,48,National,Religious,4,7
0,16,National,Religious,4,7
0,16,National,Religious,4,7
0,16,National,Religious,4,7
0,16,National,Religious,4,7
5,48,National,Religious,4,7
5,48,National,Religious,4,7
5,48,National,Religious,4,7
5,48,National,Religious,4,7
5,48,National,Religious,4,7
5,48,National,Religious,4,7
0,16,National,Religious,4,7
0,16,National,Religious,4,7
0,16,National,Religious,4,7
0,16,National,Religious,4,7
5,48,National,Religious,4,7
5,48,National,Religious,4,7
5,48,National,Religious,4,7
5,48,National,Religious,4,7
5,48,National,Religious,4,7
5,48,National,Religious,4,7
0,16,National,Religious,4,7
0,16,National,Religious,4,7
0,16,National,Religious,4,7
0,16,National,Religious,4,7
5,48,National,Religious,4,7
5,48,National,Religious,4,7
5,48,National,Religious,4,7
5,48,National,Religious,4,7
5,48,National,Religious,4,7
5,48,National,Religious,4,7
0,17,National,Religious,5,6
0,17,National,Religious,5,6
0,17,National,Religious,5,6
0,17,National,Religious,5,6
6,49,National,Religious,5,6
6,49,National,Religious,5,6
6,49,National,Religious,5,6
6,49,National,Religious,5,6
6,49,National,Religious,5,6
6,49,National,Religious,5,6
0,17,National,Religious,5,6
0,17,National,Religious,5,6
0,17,National,Religious,5,6
0,17,National,Religious,5,6
6,49,National,Religious,5,6
6,49,National,Religious,5,6
6,49,National,Religious,5,6
6,49,National,Religious,5,6
6,49,National,Religious,5,6
6,49,National,Religious,5,6
0,17,National,Religious,5,6
0,17,National,Religious,5,6
0,17,National,Religious,5,6
0,17,National,Religious,5,6
6,49,National,Religious,5,6
6,49,National,Religious,5,6
6,49,National,Religious,5,6
6,49,National,Religious,5,6
6,49,National,Religious,5,6
6,49,National,Religious,5,6
0,17,National,Religious,5,6
0,17,National,Religious,5,6
0,17,National,Religious,5,6
0,17,National,Religious,5,6
6,49,National,Religious,5,6
6,49,National,Religious,5,6
6,49,National,Religious,5,6
6,49,National,Religious,5,6
6,49,National,Religious,5,6
6,49,National,Religious,5,6
0,17,National,Religious,5,6
0,17,National,Religious,5,6
0,17,National,Religious,5,6
0,17,National,Religious,5,6
6,49,National,Religious,5,6
6,49,National,Religious,5,6
6,49,National,Religious,5,6
6,49,National,Religious,5,6
6,49,National,Religious,5,6
6,49,National,Religious,5,6
0,17,National,Religious,5,6
0,17,National,Religious,5,6
0,17,National,Religious,5,6
0,17,National,Religious,5,6
6,49,National,Religious,5,6
6,49,National,Religious,5,6
6,49,National,Religious,5,6
6,49,National,Religious,5,6
6,49,National,Religious,5,6
6,49,National,Religious,5,6
0,17,National,Religious,5,6
0,17,National,Religious,5,6
0,17,National,Religious,5,6
0,17,National,Religious,5,6
6,49,National,Religious,5,6
6,49,National,Religious,5,6
6,49,National,Religious,5,6
6,49,National,Religious,5,6
6,49,National,Religious,5,6
6,49,National,Religious,5,6
0,18,National,Religious,6,5
0,18,National,Religious,6,5
0,18,National,Religious,6,5
0,18,National,Religious,6,5
7,50,National,Religious,6,5
7,50,National,Religious,6,5
7,50,National,Religious,6,5
0,4,National,Religious,6,5
0,4,National,Religious,6,5
0,4,National,Religious,6,5
0,18,National,Religious,6,5
0,18,National,Religious,6,5
0,18,National,Religious,6,5
0,18,National,Religious,6,5
7,50,National,Religious,6,5
7,50,National,Religious,6,5
7,50,National,Religious,6,5
0,4,National,Religious,6,5
0,4,National,Religious,6,5
0,4,National,Religious,6,5
0,18,National,Religious,6,5
0,18,National,Religious,6,5
0,18,National,Religious,6,5
0,18,National,Religious,6,5
7,50,National,Religious,6,5
7,50,National,Religious,6,5
7,50,National,Religious,6,5
0,4,National,Religious,6,5
0,4,National,Religious,6,5
0,4,National,Religious,6,5
0,18,National,Religious,6,5
0,18,National,Religious,6,5
0,18,National,Religious,6,5
0,18,National,Religious,6,5
7,50,National,Religious,6,5
7,50,National,Religious,6,5
7,50,National,Religious,6,5
0,4,National,Religious,6,5
0,4,National,Religious,6,5
0,4,National,Religious,6,5
0,18,National,Religious,6,5
0,18,National,Religious,6,5
0,18,National,Religious,6,5
0,18,National,Religious,6,5
7,50,National,Religious,6,5
7,50,National,Religious,6,5
7,50,National,Religious,6,5
0,4,National,Religious,6,5
0,4,National,Religious,6,5
0,4,National,Religious,6,5
0,18,National,Religious,6,5
0,18,National,Religious,6,5
0,18,National,Religious,6,5
0,18,National,Religious,6,5
7,50,National,Religious,6,5
7,50,National,Religious,6,5
7,50,National,Religious,6,5
0,4,National,Religious,6,5
0,4,National,Religious,6,5
0,4,National,Religious,6,5
0,18,National,Religious,6,5
0,18,National,Religious,6,5
0,18,National,Religious,6,5
0,18,National,Religious,6,5
7,50,National,Religious,6,5
7,50,National,Religious,6,5
7,50,National,Religious,6,5
0,4,National,Religious,6,5
0,4,National,Religious,6,5
0,4,National,Religious,6,5
0,19,National,Religious,7,4
0,19,National,Religious,7,4
0,19,National,Religious,7,4
0,19,National,Religious,7,4
0,5,National,Religious,7,4
0,5,National,Religious,7,4
0,5,National,Religious,7,4
7,50,National,Religious,7,4
7,50,National,Religious,7,4
7,50,National,Religious,7,4
0,19,National,Religious,7,4
0,19,National,Religious,7,4
0,19,National,Religious,7,4
0,19,National,Religious,7,4
0,5,National,Religious,7,4
0,5,National,Religious,7,4
0,5,National,Religious,7,4
7,50,National,Religious,7,4
7,50,National,Religious,7,4
7,50,National,Religious,7,4
0,19,National,Religious,7,4
0,19,National,Religious,7,4
0,19,National,Religious,7,4
0,19,National,Religious,7,4
0,5,National,Religious,7,4
0,5,National,Religious,7,4
0,5,National,Religious,7,4
7,50,National,Religious,7,4
7,50,National,Religious,7,4
7,50,National,Religious,7,4
0,19,National,Religious,7,4
0,19,National,Religious,7,4
0,19,National,Religious,7,4
0,19,National,Religious,7,4
0,5,National,Religious,7,4
0,5,National,Religious,7,4
0,5,National,Religious,7,4
7,50,National,Religious,7,4
7,50,National,Religious,7,4
7,50,National,Religious,7,4
0,19,National,Religious,7,4
0,19,National,Religious,7,4
0,19,National,Religious,7,4
0,19,National,Religious,7,4
0,5,National,Religious,7,4
0,5,National,Religious,7,4
0,5,National,Religious,7,4
7,50,National,Religious,7,4
7,50,National,Religious,7,4
7,50,National,Religious,7,4
0,19,National,Religious,7,4
0,19,National,Religious,7,4
0,19,National,Religious,7,4
0,19,National,Religious,7,4
0,5,National,Religious,7,4
0,5,National,Religious,7,4
0,5,National,Religious,7,4
7,50,National,Religious,7,4
7,50,National,Religious,7,4
7,50,National,Religious,7,4
0,19,National,Religious,7,4
0,19,National,Religious,7,4
0,19,National,Religious,7,4
0,19,National,Religious,7,4
0,5,National,Religious,7,4
0,5,National,Religious,7,4
0,5,National,Religious,7,4
7,50,National,Religious,7,4
7,50,National,Religious,7,4
7,50,National,Religious,7,4
0,20,National,Religious,8,3
0,20,National,Religious,8,3
0,20,National,Religious,8,3
0,20,National,Religious,8,3
8,41,National,Religious,8,3
8,41,National,Religious,8,3
8,41,National,Religious,8,3
8,41,National,Religious,8,3
8,41,National,Religious,8,3
8,41,National,Religious,8,3
0,20,National,Religious,8,3
0,20,National,Religious,8,3
0,20,National,Religious,8,3
0,20,National,Religious,8,3
8,41,National,Religious,8,3
8,41,National,Religious,8,3
8,41,National,Religious,8,3
8,41,National,Religious,8,3
8,41,National,Religious,8,3
8,41,National,Religious,8,3
0,20,National,Religious,8,3
0,20,National,Religious,8,3
0,20,National,Religious,8,3
0,20,National,Religious,8,3
8,41,National,Religious,8,3
8,41,National,Religious,8,3
8,41,National,Religious,8,3
8,41,National,Religious,8,3
8,41,National,Religious,8,3
8,41,National,Religious,8,3
0,20,National,Religious,8,3
0,20,National,Religious,8,3
0,20,National,Religious,8,3
0,20,National,Religious,8,3
8,41,National,Religious,8,3
8,41,National,Religious,8,3
8,41,National,Religious,8,3
8,41,National,Religious,8,3
8,41,National,Religious,8,3
8,41,National,Religious,8,3
0,20,National,Religious,8,3
0,20,National,Religious,8,3
0,20,National,Religious,8,3
0,20,National,Religious,8,3
8,41,National,Religious,8,3
8,41,National,Religious,8,3
8,41,National,Religious,8,3
8,41,National,Religious,8,3
8,41,National,Religious,8,3
8,41,National,Religious,8,3
0,20,National,Religious,8,3
0,20,National,Religious,8,3
0,20,National,Religious,8,3
0,20,National,Religious,8,3
8,41,National,Religious,8,3
8,41,National,Religious,8,3
8,41,National,Religious,8,3
8,41,National,Religious,8,3
8,41,National,Religious,8,3
8,41,National,Religious,8,3
0,20,National,Religious,8,3
0,20,National,Religious,8,3
0,20,National,Religious,8,3
0,20,National,Religious,8,3
8,41,National,Religious,8,3
8,41,National,Religious,8,3
8,41,National,Religious,8,3
8,41,National,Religious,8,3
8,41,National,Religious,8,3
8,41,National,Religious,8,3
0,21,National,Religious,9,2
0,21,National,Religious,9,2
0,21,National,Religious,9,2
0,21,National,Religious,9,2
0,16,National,Religious,9,2
0,16,National,Religious,9,2
0,16,National,Religious,9,2
0,16,National,Religious,9,2
0,16,National,Religious,9,2
0,16,National,Religious,9,2
0,21,National,Religious,9,2
0,21,National,Religious,9,2
0,21,National,Religious,9,2
0,21,National,Religious,9,2
0,16,National,Religious,9,2
0,16,National,Religious,9,2
0,16,National,Religious,9,2
0,16,National,Religious,9,2
0,16,National,Religious,9,2
0,16,National,Religious,9,2
0,21,National,Religious,9,2
0,21,National,Religious,9,2
0,21,National,Religious,9,2
0,21,National,Religious,9,2
0,16,National,Religious,9,2
0,16,National,Religious,9,2
0,16,National,Religious,9,2
0,16,National,Religious,9,2
0,16,National,Religious,9,2
0,16,National,Religious,9,2
0,21,National,Religious,9,2
0,21,National,Religious,9,2
0,21,National,Religious,9,2
0,21,National,Religious,9,2
0,16,National,Religious,9,2
0,16,National,Religious,9,2
0,16,National,Religious,9,2
0,16,National,Religious,9,2
0,16,National,Religious,9,2
0,16,National,Religious,9,2
0,21,National,Religious,9,2
0,21,National,Religious,9,2
0,21,National,Religious,9,2
0,21,National,Religious,9,2
0,16,National,Religious,9,2
0,16,National,Religious,9,2
0,16,National,Religious,9,2
0,16,National,Religious,9,2
0,16,National,Religious,9,2
0,16,National,Religious,9,2
0,21,National,Religious,9,2
0,21,National,Religious,9,2
0,21,National,Religious,9,2
0,21,National,Religious,9,2
0,16,National,Religious,9,2
0,16,National,Religious,9,2
0,16,National,Religious,9,2
0,16,National,Religious,9,2
0,16,National,Religious,9,2
0,16,National,Religious,9,2
0,21,National,Religious,9,2
0,21,National,Religious,9,2
0,21,National,Religious,9,2
0,21,National,Religious,9,2
0,16,National,Religious,9,2
0,16,National,Religious,9,2
0,16,National,Religious,9,2
0,16,National,Religious,9,2
0,16,National,Religious,9,2
0,16,National,Religious,9,2
0,22,National,Religious,10,1
0,22,National,Religious,10,1
0,22,National,Religious,10,1
0,22,National,Religious,10,1
0,17,National,Religious,10,1
0,17,National,Religious,10,1
0,17,National,Religious,10,1
0,17,National,Religious,10,1
0,17,National,Religious,10,1
0,17,National,Religious,10,1
0,22,National,Religious,10,1
0,22,National,Religious,10,1
0,22,National,Religious,10,1
0,22,National,Religious,10,1
0,17,National,Religious,10,1
0,17,National,Religious,10,1
0,17,National,Religious,10,1
0,17,National,Religious,10,1
0,17,National,Religious,10,1
0,17,National,Religious,10,1
0,22,National,Religious,10,1
0,22,National,Religious,10,1
0,22,National,Religious,10,1
0,22,National,Religious,10,1
0,17,National,Religious,10,1
0,17,National,Religious,10,1
0,17,National,Religious,10,1
0,17,National,Religious,10,1
0,17,National,Religious,10,1
0,17,National,Religious,10,1
0,22,National,Religious,10,1
0,22,National,Religious,10,1
0,22,National,Religious,10,1
0,22,National,Religious,10,1
0,17,National,Religious,10,1
0,17,National,Religious,10,1
0,17,National,Religious,10,1
0,17,National,Religious,10,1
0,17,National,Religious,10,1
0,17,National,Religious,10,1
0,22,National,Religious,10,1
0,22,National,Religious,10,1
0,22,National,Religious,10,1
0,22,National,Religious,10,1
0,17,National,Religious,10,1
0,17,National,Religious,10,1
0,17,National,Religious,10,1
0,17,National,Religious,10,1
0,17,National,Religious,10,1
0,17,National,Religious,10,1
0,22,National,Religious,10,1
0,22,National,Religious,10,1
0,22,National,Religious,10,1
0,22,National,Religious,10,1
0,17,National,Religious,10,1
0,17,National,Religious,10,1
0,17,National,Religious,10,1
0,17,National,Religious,10,1
0,17,National,Religious,10,1
0,17,National,Religious,10,1
0,22,National,Religious,10,1
0,22,National,Religious,10,1
0,22,National,Religious,10,1
0,22,National,Religious,10,1
0,17,National,Religious,10,1
0,17,National,Religious,10,1
0,17,National,Religious,10,1
0,17,National,Religious,10,1
0,17,National,Religious,10,1
0,17,National,Religious,10,1
0,22,National,National,0,0
0,22,National,National,0,0
0,22,National,National,0,0
0,22,National,National,0,0
0,18,National,National,0,0
0,18,National,National,0,0
0,18,National,National,0,0
0,18,National,National,0,0
0,18,National,National,0,0
0,18,National,National,0,0
0,22,National,National,0,0
0,22,National,National,0,0
0,22,National,National,0,0
0,22,National,National,0,0
0,18,National,National,0,0
0,18,National,National,0,0
0,18,National,National,0,0
0,18,National,National,0,0
0,18,National,National,0,0
0,18,National,National,0,0
0,22,National,National,0,0
0,22,National,National,0,0
0,22,National,National,0,0
0,22,National,National,0,0
0,18,National,National,0,0
0,18,National,National,0,0
0,18,National,National,0,0
0,18,National,National,0,0
0,18,National,National,0,0
0,18,National,National,0,0
0,22,National,National,0,0
0,22,National,National,0,0
0,22,National,National,0,0
0,22,National,National,0,0
0,18,National,National,0,0
0,18,National,National,0,0
0,18,National,National,0,0
0,18,National,National,0,0
0,18,National,National,0,0
0,18,National,National,0,0
0,22,National,National,0,0
0,22,National,National,0,0
0,22,National,National,0,0
0,22,National,National,0,0
0,18,National,National,0,0
0,18,National,National,0,0
0,18,National,National,0,0
0,18,National,National,0,0
0,18,National,National,0,0
0,18,National,National,0,0
0,22,National,National,0,0
0,22,National,National,0,0
0,22,National,National,0,0
0,22,National,National,0,0
0,18,National,National,0,0
0,18,National,National,0,0
0,18,National,National,0,0
0,18,National,National,0,0
0,18,National,National,0,0
0,18,National,National,0,0
0,22,National,National,0,0
0,22,National,National,0,0
0,22,National,National,0,0
0,22,National,National,0,0
0,18,National,National,0,0
0,18,National,National,0,0
0,18,National,National,0,0
0,18,National,National,0,0
0,18,National,National,0,0
0,18,National,National,0,0
0,23,Sporting,National,1,19
0,23,Sporting,National,1,19
0,23,Sporting,National,1,19
0,23,Sporting,National,1,19
0,19,Sporting,National,1,19
0,19,Sporting,National,1,19
0,19,Sporting,National,1,19
0,19,Sporting,National,1,19
0,19,Sporting,National,1,19
0,19,Sporting,National,1,19
0,23,Sporting,National,1,19
0,23,Sporting,National,1,19
0,23,Sporting,National,1,19
0,23,Sporting,National,1,19
0,19,Sporting,National,1,19
0,19,Sporting,National,1,19
0,19,Sporting,National,1,19
0,19,Sporting,National,1,19
0,19,Sporting,National,1,19
0,19,Sporting,National,1,19
0,23,Sporting,National,1,19
0,23,Sporting,National,1,19
0,23,Sporting,National,1,19
0,23,Sporting,National,1,19
0,19,Sporting,National,1,19
0,19,Sporting,National,1,19
0,19,Sporting,National,1,19
0,19,Sporting,National,1,19
0,19,Sporting,National,1,19
0,19,Sporting,National,1,19
0,23,Sporting,National,1,19
0,23,Sporting,National,1,19
0,23,Sporting,National,1,19
0,23,Sporting,National,1,19
0,19,Sporting,National,1,19
0,19,Sporting,National,1,19
0,19,Sporting,National,1,19
0,19,Sporting,National,1,19
0,19,Sporting,National,1,19
0,19,Sporting,National,1,19
0,23,Sporting,National,1,19
0,23,Sporting,National,1,19
0,23,Sporting,National,1,19
0,23,Sporting,National,1,19
0,19,Sporting,National,1,19
0,19,Sporting,National,1,19
0,19,Sporting,National,1,19
0,19,Sporting,National,1,19
0,19,Sporting,National,1,19
0,19,Sporting,National,1,19
0,23,Sporting,National,1,19
0,23,Sporting,National,1,19
0,23,Sporting,National,1,19
0,23,Sporting,National,1,19
0,19,Sporting,National,1,19
0,19,Sporting,National,1,19
0,19,Sporting,National,1,19
0,19,Sporting,National,1,19
0,19,Sporting,National,1,19
0,19,Sporting,National,1,19
0,23,Sporting,National,1,19
0,23,Sporting,National,1,19
0,23,Sporting,National,1,19
0,23,Sporting,National,1,19
0,19,Sporting,National,1,19
0,19,Sporting,National,1,19
0,19,Sporting,National,1,19
0,19,Sporting,National,1,19
0,19,Sporting,National,1,19
0,19,Sporting,National,1,19
0,23,Sporting,National,2,18
0,23,Sporting,National,2,18
0,23,Sporting,National,2,18
0,23,Sporting,National,2,18
0,20,Sporting,National,2,18
0,20,Sporting,National,2,18
0,20,Sporting,National,2,18
0,20,Sporting,National,2,18
0,20,Sporting,National,2,18
0,20,Sporting,National,2,18
0,23,Sporting,National,2,18
0,23,Sporting,National,2,18
0,23,Sporting,National,2,18
0,23,Sporting,National,2,18
0,20,Sporting,National,2,18
0,20,Sporting,National,2,18
0,20,Sporting,National,2,18
0,20,Sporting,National,2,18
0,20,Sporting,National,2,18
0,20,Sporting,National,2,18
0,23,Sporting,National,2,18
0,23,Sporting,National,2,18
0,23,Sporting,National,2,18
0,23,Sporting,National,2,18
0,20,Sporting,National,2,18
0,20,Sporting,National,2,18
0,20,Sporting,National,2,18
0,20,Sporting,National,2,18
0,20,Sporting,National,2,18
0,20,Sporting,National,2,18
0,23,Sporting,National,2,18
0,23,Sporting,National,2,18
0,23,Sporting,National,2,18
0,23,Sporting,National,2,18
0,20,Sporting,National,2,18
0,20,Sporting,National,2,18
0,20,Sporting,National,2,18
0,20,Sporting,National,2,18
0,20,Sporting,National,2,18
0,20,Sporting,National,2,18
0,23,Sporting,National,2,18
0,23,Sporting,National,2,18
0,23,Sporting,National,2,18
0,23,Sporting,National,2,18
0,20,Sporting,National,2,18
0,20,Sporting,National,2,18
0,20,Sporting,National,2,18
0,20,Sporting,National,2,18
0,20,Sporting,National,2,18
0,20,Sporting,National,2,18
0,23,Sporting,National,2,18
0,23,Sporting,National,2,18
0,23,Sporting,National,2,18
0,23,Sporting,National,2,18
0,20,Sporting,National,2,18
0,20,Sporting,National,2,18
0,20,Sporting,National,2,18
0,20,Sporting,National,2,18
0,20,Sporting,National,2,18
0,20,Sporting,National,2,18
0,23,Sporting,National,2,18
0,23,Sporting,National,2,18
0,23,Sporting,National,2,18
0,23,Sporting,National,2,18
0,20,Sporting,National,2,18
0,20,Sporting,National,2,18
0,20,Sporting,National,2,18
0,20,Sporting,National,2,18
0,20,Sporting,National,2,18
0,20,Sporting,National,2,18
0,24,Sporting,National,3,17
0,24,Sporting,National,3,17
0,24,Sporting,National,3,17
0,24,Sporting,National,3,17
0,21,Sporting,National,3,17
0,21,Sporting,National,3,17
0,21,Sporting,National,3,17
0,21,Sporting,National,3,17
0,21,Sporting,National,3,17
0,21,Sporting,National,3,17
0,24,Sporting,National,3,17
0,24,Sporting,National,3,17
0,24,Sporting,National,3,17
0,24,Sporting,National,3,17
0,21,Sporting,National,3,17
0,21,Sporting,National,3,17
0,21,Sporting,National,3,17
0,21,Sporting,National,3,17
0,21,Sporting,National,3,17
0,21,Sporting,National,3,17
0,24,Sporting,National,3,17
0,24,Sporting,National,3,17
0,24,Sporting,National,3,17
0,24,Sporting,National,3,17
0,21,Sporting,National,3,17
0,21,Sporting,National,3,17
0,21,Sporting,National,3,17
0,21,Sporting,National,3,17
0,21,Sporting,National,3,17
0,21,Sporting,National,3,17
0,24,Sporting,National,3,17
0,24,Sporting,National,3,17
0,24,Sporting,National,3,17
0,24,Sporting,National,3,17
0,21,Sporting,National,3,17
0,21,Sporting,National,3,17
0,21,Sporting,National,3,17
0,21,Sporting,National,3,17
0,21,Sporting,National,3,17
0,21,Sporting,National,3,17
0,24,Sporting,National,3,17
0,24,Sporting,National,3,17
0,24,Sporting,National,3,17
0,24,Sporting,National,3,17
0,21,Sporting,National,3,17
0,21,Sporting,National,3,17
0,21,Sporting,National,3,17
0,21,Sporting,National,3,17
0,21,Sporting,National,3,17
0,21,Sporting,National,3,17
0,24,Sporting,National,3,17
0,24,Sporting,National,3,17
0,24,Sporting,National,3,17
0,24,Sporting,National,3,17
0,21,Sporting,National,3,17
0,21,Sporting,National,3,17
0,21,Sporting,National,3,17
0,21,Sporting,National,3,17
0,21,Sporting,National,3,17
0,21,Sporting,National,3,17
0,24,Sporting,National,3,17
0,24,Sporting,National,3,17
0,24,Sporting,National,3,17
0,24,Sporting,National,3,17
0,21,Sporting,National,3,17
0,21,Sporting,National,3,17
0,21,Sporting,National,3,17
0,21,Sporting,National,3,17
0,21,Sporting,National,3,17
0,21,Sporting,National,3,17
0,24,Sporting,National,4,16
0,24,Sporting,National,4,16
0,24,Sporting,National,4,16
0,24,Sporting,National,4,16
0,22,Sporting,National,4,16
0,22,Sporting,National,4,16
0,22,Sporting,National,4,16
0,22,Sporting,National,4,16
0,22,Sporting,National,4,16
0,22,Sporting,National,4,16
0,24,Sporting,National,4,16
0,24,Sporting,National,4,16
0,24,Sporting,National,4,16
0,24,Sporting,National,4,16
0,22,Sporting,National,4,16
0,22,Sporting,National,4,16
0,22,Sporting,National,4,16
0,22,Sporting,National,4,16
0,22,Sporting,National,4,16
0,22,Sporting,National,4,16
0,24,Sporting,National,4,16
0,24,Sporting,National,4,16
0,24,Sporting,National,4,16
0,24,Sporting,National,4,16
0,22,Sporting,National,4,16
0,22,Sporting,National,4,16
0,22,Sporting,National,4,16
0,22,Sporting,National,4,16
0,22,Sporting,National,4,16
0,22,Sporting,National,4,16
0,24,Sporting,National,4,16
0,24,Sporting,National,4,16
0,24,Sporting,National,4,16
0,24,Sporting,National,4,16
0,22,Sporting,National,4,16
0,22,Sporting,National,4,16
0,22,Sporting,National,4,16
0,22,Sporting,National,4,16
0,22,Sporting,National,4,16
0,22,Sporting,National,4,16
0,24,Sporting,National,4,16
0,24,Sporting,National,4,16
0,24,Sporting,National,4,16
0,24,Sporting,National,4,16
0,22,Sporting,National,4,16
0,22,Sporting,National,4,16
0,22,Sporting,National,4,16
0,22,Sporting,National,4,16
0,22,Sporting,National,4,16
0,22,Sporting,National,4,16
0,24,Sporting,National,4,16
0,24,Sporting,National,4,16
0,24,Sporting,National,4,16
0,24,Sporting,National,4,16
0,22,Sporting,National,4,16
0,22,Sporting,National,4,16
0,22,Sporting,National,4,16
0,22,Sporting,National,4,16
0,22,Sporting,National,4,16
0,22,Sporting,National,4,16
0,24,Sporting,National,4,16
0,24,Sporting,National,4,16
0,24,Sporting,National,4,16
0,24,Sporting,National,4,16
0,22,Sporting,National,4,16
0,22,Sporting,National,4,16
0,22,Sporting,National,4,16
0,22,Sporting,National,4,16
0,22,Sporting,National,4,16
0,22,Sporting,National,4,16
0,25,Sporting,National,5,15
0,25,Sporting,National,5,15
0,25,Sporting,National,5,15
0,25,Sporting,National,5,15
0,23,Sporting,National,5,15
0,23,Sporting,National,5,15
0,23,Sporting,National,5,15
0,22,Sporting,National,5,15
0,22,Sporting,National,5,15
0,22,Sporting,National,5,15
0,25,Sporting,National,5,15
0,25,Sporting,National,5,15
0,25,Sporting,National,5,15
0,25,Sporting,National,5,15
0,23,Sporting,National,5,15
0,23,Sporting,National,5,15
0,23,Sporting,National,5,15
0,22,Sporting,National,5,15
0,22,Sporting,National,5,15
0,22,Sporting,National,5,15
0,25,Sporting,National,5,15
0,25,Sporting,National,5,15
0,25,Sporting,National,5,15
0,25,Sporting,National,5,15
0,23,Sporting,National,5,15
0,23,Sporting,National,5,15
0,23,Sporting,National,5,15
0,22,Sporting,National,5,15
0,22,Sporting,National,5,15
0,22,Sporting,National,5,15
0,25,Sporting,National,5,15
0,25,Sporting,National,5,15
0,25,Sporting,National,5,15
0,25,Sporting,National,5,15
0,23,Sporting,National,5,15
0,23,Sporting,National,5,15
0,23,Sporting,National,5,15
0,22,Sporting,National,5,15
0,22,Sporting,National,5,15
0,22,Sporting,National,5,15
0,25,Sporting,National,5,15
0,25,Sporting,National,5,15
0,25,Sporting,National,5,15
0,25,Sporting,National,5,15
0,23,Sporting,National,5,15
0,23,Sporting,National,5,15
0,23,Sporting,National,5,15
0,22,Sporting,National,5,15
0,22,Sporting,National,5,15
0,22,Sporting,National,5,15
0,25,Sporting,National,5,15
0,25,Sporting,National,5,15
0,25,Sporting,National,5,15
0,25,Sporting,National,5,15
0,23,Sporting,National,5,15
0,23,Sporting,National,5,15
0,23,Sporting,National,5,15
0,22,Sporting,National,5,15
0,22,Sporting,National,5,15
0,22,Sporting,National,5,15
0,25,Sporting,National,5,15
0,25,Sporting,National,5,15
0,25,Sporting,National,5,15
0,25,Sporting,National,5,15
0,23,Sporting,National,5,15
0,23,Sporting,National,5,15
0,23,Sporting,National,5,15
0,22,Sporting,National,5,15
0,22,Sporting,National,5,15
0,22,Sporting,National,5,15
0,25,Sporting,National,6,14
0,25,Sporting,National,6,14
0,25,Sporting,National,6,14
0,25,Sporting,National,6,14
0,24,Sporting,National,6,14
0,24,Sporting,National,6,14
0,24,Sporting,National,6,14
0,23,Sporting,National,6,14
0,23,Sporting,National,6,14
0,23,Sporting,National,6,14
0,25,Sporting,National,6,14
0,25,Sporting,National,6,14
0,25,Sporting,National,6,14
0,25,Sporting,National,6,14
0,24,Sporting,National,6,14
0,24,Sporting,National,6,14
0,24,Sporting,National,6,14
0,23,Sporting,National,6,14
0,23,Sporting,National,6,14
0,23,Sporting,National,6,14
0,25,Sporting,National,6,14
0,25,Sporting,National,6,14
0,25,Sporting,National,6,14
0,25,Sporting,National,6,14
0,24,Sporting,National,6,14
0,24,Sporting,National,6,14
0,24,Sporting,National,6,14
0,23,Sporting,National,6,14
0,23,Sporting,National,6,14
0,23,Sporting,National,6,14
0,25,Sporting,National,6,14
0,25,Sporting,National,6,14
0,25,Sporting,National,6,14
0,25,Sporting,National,6,14
0,24,Sporting,National,6,14
0,24,Sporting,National,6,14
0,24,Sporting,National,6,14
0,23,Sporting,National,6,14
0,23,Sporting,National,6,14
0,23,Sporting,National,6,14
0,25,Sporting,National,6,14
0,25,Sporting,National,6,14
0,25,Sporting,National,6,14
0,25,Sporting,National,6,14
0,24,Sporting,National,6,14
0,24,Sporting,National,6,14
0,24,Sporting,National,6,14
0,23,Sporting,National,6,14
0,23,Sporting,National,6,14
0,23,Sporting,National,6,14
0,25,Sporting,National,6,14
0,25,Sporting,National,6,14
0,25,Sporting,National,6,14
0,25,Sporting,National,6,14
0,24,Sporting,National,6,14
0,24,Sporting,National,6,14
0,24,Sporting,National,6,14
0,23,Sporting,National,6,14
0,23,Sporting,National,6,14
0,23,Sporting,National,6,14
0,25,Sporting,National,6,14
0,25,Sporting,National,6,14
0,25,Sporting,National,6,14
0,25,Sporting,National,6,14
0,24,Sporting,National,6,14
0,24,Sporting,National,6,14
0,24,Sporting,National,6,14
0,23,Sporting,National,6,14
0,23,Sporting,National,6,14
0,23,Sporting,National,6,14
0,26,Sporting,National,7,13
0,26,Sporting,National,7,13
0,26,Sporting,National,7,13
0,26,Sporting,National,7,13
0,25,Sporting,National,7,13
0,25,Sporting,National,7,13
0,25,Sporting,National,7,13
0,24,Sporting,National,7,13
0,24,Sporting,National,7,13
0,24,Sporting,National,7,13
0,26,Sporting,National,7,13
0,26,Sporting,National,7,13
0,26,Sporting,National,7,13
0,26,Sporting,National,7,13
0,25,Sporting,National,7,13
0,25,Sporting,National,7,13
0,25,Sporting,National,7,13
0,24,Sporting,National,7,13
0,24,Sporting,National,7,13
0,24,Sporting,National,7,13
0,26,Sporting,National,7,13
0,26,Sporting,National,7,13
0,26,Sporting,National,7,13
0,26,Sporting,National,7,13
0,25,Sporting,National,7,13
0,25,Sporting,National,7,13
0,25,Sporting,National,7,13
0,24,Sporting,National,7,13
0,24,Sporting,National,7,13
0,24,Sporting,National,7,13
0,26,Sporting,National,7,13
0,26,Sporting,National,7,13
0,26,Sporting,National,7,13
0,26,Sporting,National,7,13
0,25,Sporting,National,7,13
0,25,Sporting,National,7,13
0,25,Sporting,National,7,13
0,24,Sporting,National,7,13
0,24,Sporting,National,7,13
0,24,Sporting,National,7,13
0,26,Sporting,National,7,13
0,26,Sporting,National,7,13
0,26,Sporting,National,7,13
0,26,Sporting,National,7,13
0,25,Sporting,National,7,13
0,25,Sporting,National,7,13
0,25,Sporting,National,7,13
0,24,Sporting,National,7,13
0,24,Sporting,National,7,13
0,24,Sporting,National,7,13
0,26,Sporting,National,7,13
0,26,Sporting,National,7,13
0,26,Sporting,National,7,13
0,26,Sporting,National,7,13
0,25,Sporting,National,7,13
0,25,Sporting,National,7,13
0,25,Sporting,National,7,13
0,24,Sporting,National,7,13
0,24,Sporting,National,7,13
0,24,Sporting,National,7,13
0,26,Sporting,National,7,13
0,26,Sporting,National,7,13
0,26,Sporting,National,7,13
0,26,Sporting,National,7,13
0,25,Sporting,National,7,13
0,25,Sporting,National,7,13
0,25,Sporting,National,7,13
0,24,Sporting,National,7,13
0,24,Sporting,National,7,13
0,24,Sporting,National,7,13
0,26,Sporting,National,8,12
0,26,Sporting,National,8,12
0,26,Sporting,National,8,12
0,26,Sporting,National,8,12
0,26,Sporting,National,8,12
0,26,Sporting,National,8,12
0,26,Sporting,National,8,12
0,25,Sporting,National,8,12
0,25,Sporting,National,8,12
0,25,Sporting,National,8,12
0,26,Sporting,National,8,12
0,26,Sporting,National,8,12
0,26,Sporting,National,8,12
0,26,Sporting,National,8,12
0,26,Sporting,National,8,12
0,26,Sporting,National,8,12
0,26,Sporting,National,8,12
0,25,Sporting,National,8,12
0,25,Sporting,National,8,12
0,25,Sporting,National,8,12
0,26,Sporting,National,8,12
0,26,Sporting,National,8,12
0,26,Sporting,National,8,12
0,26,Sporting,National,8,12
0,26,Sporting,National,8,12
0,26,Sporting,National,8,12
0,26,Sporting,National,8,12
0,25,Sporting,National,8,12
0,25,Sporting,National,8,12
0,25,Sporting,National,8,12
0,26,Sporting,National,8,12
0,26,Sporting,National,8,12
0,26,Sporting,National,8,12
0,26,Sporting,National,8,12
0,26,Sporting,National,8,12
0,26,Sporting,National,8,12
0,26,Sporting,National,8,12
0,25,Sporting,National,8,12
0,25,Sporting,National,8,12
0,25,Sporting,National,8,12
0,26,Sporting,National,8,12
0,26,Sporting,National,8,12
0,26,Sporting,National,8,12
0,26,Sporting,National,8,12
0,26,Sporting,National,8,12
0,26,Sporting,National,8,12
0,26,Sporting,National,8,12
0,25,Sporting,National,8,12
0,25,Sporting,National,8,12
0,25,Sporting,National,8,12
0,26,Sporting,National,8,12
0,26,Sporting,National,8,12
0,26,Sporting,National,8,12
0,26,Sporting,National,8,12
0,26,Sporting,National,8,12
0,26,Sporting,National,8,12
0,26,Sporting,National,8,12
0,25,Sporting,National,8,12
0,25,Sporting,National,8,12
0,25,Sporting,National,8,12
0,26,Sporting,National,8,12
0,26,Sporting,National,8,12
0,26,Sporting,National,8,12
0,26,Sporting,National,8,12
0,26,Sporting,National,8,12
0,26,Sporting,National,8,12
0,26,Sporting,National,8,12
0,25,Sporting,National,8,12
0,25,Sporting,National,8,12
0,25,Sporting,National,8,12
0,27,Sporting,National,9,11
0,27,Sporting,National,9,11
0,27,Sporting,National,9,11
0,27,Sporting,National,9,11
0,27,Sporting,National,9,11
0,27,Sporting,National,9,11
0,27,Sporting,National,9,11
0,26,Sporting,National,9,11
0,26,Sporting,National,9,11
0,26,Sporting,National,9,11
0,27,Sporting,National,9,11
0,27,Sporting,National,9,11
0,27,Sporting,National,9,11
0,27,Sporting,National,9,11
0,27,Sporting,National,9,11
0,27,Sporting,National,9,11
0,27,Sporting,National,9,11
0,26,Sporting,National,9,11
0,26,Sporting,National,9,11
0,26,Sporting,National,9,11
0,27,Sporting,National,9,11
0,27,Sporting,National,9,11
0,27,Sporting,National,9,11
0,27,Sporting,National,9,11
0,27,Sporting,National,9,11
0,27,Sporting,National,9,11
0,27,Sporting,National,9,11
0,26,Sporting,National,9,11
0,26,Sporting,National,9,11
0,26,Sporting,National,9,11
0,27,Sporting,National,9,11
0,27,Sporting,National,9,11
0,27,Sporting,National,9,11
0,27,Sporting,National,9,11
0,27,Sporting,National,9,11
0,27,Sporting,National,9,11
0,27,Sporting,National,9,11
0,26,Sporting,National,9,11
0,26,Sporting,National,9,11
0,26,Sporting,National,9,11
0,27,Sporting,National,9,11
0,27,Sporting,National,9,11
0,27,Sporting,National,9,11
0,27,Sporting,National,9,11
0,27,Sporting,National,9,11
0,27,Sporting,National,9,11
0,27,Sporting,National,9,11
0,26,Sporting,National,9,11
0,26,Sporting,National,9,11
0,26,Sporting,National,9,11
0,27,Sporting,National,9,11
0,27,Sporting,National,9,11
0,27,Sporting,National,9,11
0,27,Sporting,National,9,11
0,27,Sporting,National,9,11
0,27,Sporting,National,9,11
0,27,Sporting,National,9,11
0,26,Sporting,National,9,11
0,26,Sporting,National,9,11
0,26,Sporting,National,9,11
0,27,Sporting,National,9,11
0,27,Sporting,National,9,11
0,27,Sporting,National,9,11
0,27,Sporting,National,9,11
0,27,Sporting,National,9,11
0,27,Sporting,National,9,11
0,27,Sporting,National,9,11
0,26,Sporting,National,9,11
0,26,Sporting,National,9,11
0,26,Sporting,National,9,11
0,28,Sporting,National,10,10
0,28,Sporting,National,10,10
0,28,Sporting,National,10,10
0,28,Sporting,National,10,10
0,28,Sporting,National,10,10
0,28,Sporting,National,10,10
0,28,Sporting,National,10,10
0,27,Sporting,National,10,10
0,27,Sporting,National,10,10
0,27,Sporting,National,10,10
0,28,Sporting,National,10,10
0,28,Sporting,National,10,10
0,28,Sporting,National,10,10
0,28,Sporting,National,10,10
0,28,Sporting,National,10,10
0,28,Sporting,National,10,10
0,28,Sporting,National,10,10
0,27,Sporting,National,10,10
0,27,Sporting,National,10,10
0,27,Sporting,National,10,10
0,28,Sporting,National,10,10
0,28,Sporting,National,10,10
0,28,Sporting,National,10,10
0,28,Sporting,National,10,10
0,28,Sporting,National,10,10
0,28,Sporting,National,10,10
0,28,Sporting,National,10,10
0,27,Sporting,National,10,10
0,27,Sporting,National,10,10
0,27,Sporting,National,10,10
0,28,Sporting,National,10,10
0,28,Sporting,National,10,10
0,28,Sporting,National,10,10
0,28,Sporting,National,10,10
0,28,Sporting,National,10,10
0,28,Sporting,National,10,10
0,28,Sporting,National,10,10
0,27,Sporting,National,10,10
0,27,Sporting,National,10,10
0,27,Sporting,National,10,10
0,28,Sporting,National,10,10
0,28,Sporting,National,10,10
0,28,Sporting,National,10,10
0,28,Sporting,National,10,10
0,28,Sporting,National,10,10
0,28,Sporting,National,10,10
0,28,Sporting,National,10,10
0,27,Sporting,National,10,10
0,27,Sporting,National,10,10
0,27,Sporting,National,10,10
0,28,Sporting,National,10,10
0,28,Sporting,National,10,10
0,28,Sporting,National,10,10
0,28,Sporting,National,10,10
0,28,Sporting,National,10,10
0,28,Sporting,National,10,10
0,28,Sporting,National,10,10
0,27,Sporting,National,10,10
0,27,Sporting,National,10,10
0,27,Sporting,National,10,10
0,28,Sporting,National,10,10
0,28,Sporting,National,10,10
0,28,Sporting,National,10,10
0,28,Sporting,National,10,10
0,28,Sporting,National,10,10
0,28,Sporting,National,10,10
0,28,Sporting,National,10,10
0,27,Sporting,National,10,10
0,27,Sporting,National,10,10
0,27,Sporting,National,10,10
0,29,Sporting,National,11,9
0,29,Sporting,National,11,9
0,29,Sporting,National,11,9
0,29,Sporting,National,11,9
0,29,Sporting,National,11,9
0,29,Sporting,National,11,9
0,29,Sporting,National,11,9
0,28,Sporting,National,11,9
0,28,Sporting,National,11,9
0,28,Sporting,National,11,9
0,29,Sporting,National,11,9
0,29,Sporting,National,11,9
0,29,Sporting,National,11,9
0,29,Sporting,National,11,9
0,29,Sporting,National,11,9
0,29,Sporting,National,11,9
0,29,Sporting,National,11,9
0,28,Sporting,National,11,9
0,28,Sporting,National,11,9
0,28,Sporting,National,11,9
0,29,Sporting,National,11,9
0,29,Sporting,National,11,9
0,29,Sporting,National,11,9
0,29,Sporting,National,11,9
0,29,Sporting,National,11,9
0,29,Sporting,National,11,9
0,29,Sporting,National,11,9
0,28,Sporting,National,11,9
0,28,Sporting,National,11,9
0,28,Sporting,National,11,9
0,29,Sporting,National,11,9
0,29,Sporting,National,11,9
0,29,Sporting,National,11,9
0,29,Sporting,National,11,9
0,29,Sporting,National,11,9
0,29,Sporting,National,11,9
0,29,Sporting,National,11,9
0,28,Sporting,National,11,9
0,28,Sporting,National,11,9
0,28,Sporting,National,11,9
0,29,Sporting,National,11,9
0,29,Sporting,National,11,9
0,29,Sporting,National,11,9
0,29,Sporting,National,11,9
0,29,Sporting,National,11,9
0,29,Sporting,National,11,9
0,29,Sporting,National,11,9
0,28,Sporting,National,11,9
0,28,Sporting,National,11,9
0,28,Sporting,National,11,9
0,29,Sporting,National,11,9
0,29,Sporting,National,11,9
0,29,Sporting,National,11,9
0,29,Sporting,National,11,9
0,29,Sporting,National,11,9
0,29,Sporting,National,11,9
0,29,Sporting,National,11,9
0,28,Sporting,National,11,9
0,28,Sporting,National,11,9
0,28,Sporting,National,11,9
0,29,Sporting,National,11,9
0,29,Sporting,National,11,9
0,29,Sporting,National,11,9
0,29,Sporting,National,11,9
0,29,Sporting,National,11,9
0,29,Sporting,National,11,9
0,29,Sporting,National,11,9
